ID,Count
18288,507.45203
18289,443.34082
18290,406.88718
18291,368.76422
18292,340.8473
18293,331.89722
18294,339.7046
18295,359.97705
18296,383.35492
18297,468.9046
18298,622.559
18299,641.4709
18300,641.4709
18301,620.279
18302,629.32947
18303,629.32947
18304,629.32947
18305,630.19836
18306,631.8738
18307,651.0483
18308,644.812
18309,615.6806
18310,612.41144
18311,606.70953
18312,454.63098
18313,391.3357
18314,354.88205
18315,316.80954
18316,288.12253
18317,275.11447
18318,282.92184
18319,303.04626
18320,325.2433
18321,382.7668
18322,502.9653
18323,517.9156
18324,517.9156
18325,494.65158
18326,502.67938
18327,502.67938
18328,502.67938
18329,504.71112
18330,506.79468
18331,528.19836
18332,523.01013
18333,498.90158
18334,495.63235
18335,491.84708
18336,440.6551
18337,377.3598
18338,340.90616
18339,302.83365
18340,274.80322
18341,262.28635
18342,270.09372
18343,290.2182
18344,312.41522
18345,369.93875
18346,490.13724
18347,505.0872
18348,505.0872
18349,481.82352
18350,489.85132
18351,489.85132
18352,489.85132
18353,491.88306
18354,501.99265
18355,528.23
18356,525.08014
18357,510.1918
18358,510.45416
18359,511.71686
18360,476.40546
18361,410.61932
18362,374.16568
18363,338.56436
18364,325.2053
18365,319.6621
18366,327.46948
18367,350.0405
18368,376.3017
18369,476.09125
18370,636.9612
18371,667.6969
18372,667.6969
18373,648.1136
18374,657.16406
18375,657.16406
18376,657.54846
18377,658.41736
18378,660.0928
18379,679.26715
18380,673.0309
18381,643.8996
18382,640.6303
18383,633.6085
18384,501.84622
18385,437.73502
18386,401.28137
18387,363.15848
18388,336.30823
18389,328.11847
18390,335.92584
18391,357.79117
18392,383.2687
18393,482.17136
18394,641.34174
18395,670.80853
18396,670.80853
18397,651.2252
18398,660.2757
18399,660.2757
18400,660.6601
18401,661.529
18402,663.2044
18403,682.3788
18404,676.1425
18405,647.0112
18406,643.74194
18407,636.72015
18408,364.28506
18409,322.27863
18410,288.19305
18411,255.5408
18412,230.8261
18413,226.1074
18414,233.65845
18415,250.89293
18416,267.7709
18417,340.38016
18418,442.23093
18419,473.33704
18420,473.33704
18421,458.27826
18422,467.6918
18423,467.6918
18424,467.6918
18425,468.598
18426,470.48904
18427,484.78305
18428,482.14594
18429,458.6333
18430,454.20813
18431,443.89975
18432,310.6085
18433,266.92725
18434,232.84198
18435,202.48674
18436,189.48021
18437,183.0866
18438,190.63763
18439,210.1707
18440,232.46991
18441,310.44888
18442,420.68436
18443,447.6116
18444,447.6116
18445,435.55075
18446,444.9643
18447,444.9643
18448,444.9643
18449,445.87048
18450,447.76154
18451,462.05554
18452,459.41843
18453,435.9058
18454,431.48062
18455,421.8412
18456,307.70316
18457,264.0219
18458,229.93674
18459,197.10217
18460,184.09566
18461,177.70206
18462,185.25308
18463,204.78615
18464,227.08536
18465,305.06427
18466,415.29974
18467,439.8616
18468,439.8616
18469,424.3799
18470,433.79346
18471,433.79346
18472,433.79346
18473,434.69965
18474,436.50473
18475,450.79874
18476,448.16162
18477,424.649
18478,420.22382
18479,410.58432
18480,397.10672
18481,356.41516
18482,322.32953
18483,286.97357
18484,262.259
18485,257.54022
18486,265.0913
18487,282.32587
18488,301.74164
18489,370.11057
18490,466.89423
18491,491.9112
18492,491.9112
18493,473.8837
18494,486.71646
18495,486.71646
18496,486.71646
18497,487.62265
18498,489.42773
18499,507.4754
18500,504.28073
18501,477.572
18502,473.14682
18503,463.50732
18504,371.81894
18505,331.94748
18506,297.61172
18507,261.6857
18508,236.20065
18509,227.7124
18510,235.87709
18511,252.96349
18512,271.19855
18513,320.02484
18514,403.70688
18515,418.989
18516,418.989
18517,398.6591
18518,409.90173
18519,409.90173
18520,409.90173
18521,411.97067
18522,415.02185
18523,435.29874
18524,433.1521
18525,412.74283
18526,408.31766
18527,401.25842
18528,375.7805
18529,323.58664
18530,288.69635
18531,251.22612
18532,227.57812
18533,220.57086
18534,228.73555
18535,248.1946
18536,269.71008
18537,347.6232
18538,460.4791
18539,486.87015
18540,486.87015
18541,467.22836
18542,478.471
18543,478.471
18544,478.471
18545,479.3772
18546,481.18228
18547,499.22995
18548,496.03528
18549,469.32654
18550,464.90137
18551,455.26187
18552,383.54132
18553,330.34204
18554,295.45175
18555,257.32904
18556,232.61414
18557,227.49908
18558,235.66379
18559,255.80208
18560,276.14026
18561,345.66995
18562,478.57523
18563,500.24744
18564,500.24744
18565,479.95456
18566,487.83652
18567,487.83652
18568,487.83652
18569,488.2811
18570,489.83307
18571,507.65915
18572,503.36877
18573,474.23764
18574,469.81247
18575,460.17297
18576,433.17996
18577,371.621
18578,336.06097
18579,297.9884
18580,273.16
18581,265.16287
18582,273.3276
18583,293.452
18584,313.843
18585,379.6552
18586,520.22394
18587,538.74664
18588,538.74664
18589,516.382
18590,524.2641
18591,524.2641
18592,524.2641
18593,525.87146
18594,535.487
18595,558.72235
18596,556.13416
18597,542.5232
18598,541.6295
18599,534.1939
18600,412.949
18601,348.8378
18602,312.38416
18603,274.2613
18604,249.54645
18605,244.12523
18606,252.29012
18607,272.56256
18608,296.74512
18609,387.3534
18610,548.8321
18611,576.73456
18612,576.73456
18613,556.4419
18614,564.32385
18615,564.32385
18616,564.32385
18617,564.7684
18618,566.3203
18619,584.1464
18620,579.6877
18621,550.55634
18622,546.13116
18623,536.49176
18624,435.36603
18625,371.25482
18626,334.80118
18627,296.67828
18628,271.65112
18629,262.22098
18630,270.3857
18631,290.6582
18632,314.03604
18633,401.58023
18634,562.339
18635,582.9075
18636,582.9075
18637,562.6148
18638,570.49677
18639,570.49677
18640,570.49677
18641,570.9413
18642,574.01324
18643,591.83936
18644,587.3806
18645,558.24927
18646,553.8241
18647,544.1847
18648,426.34308
18649,360.55695
18650,323.71237
18651,288.11105
18652,274.79224
18653,263.68723
18654,271.85196
18655,294.42297
18656,320.68417
18657,419.41486
18658,586.99896
18659,618.1339
18660,618.1339
18661,598.49225
18662,606.3742
18663,606.3742
18664,606.3742
18665,606.8187
18666,609.8907
18667,627.7168
18668,623.25806
18669,594.1267
18670,589.70154
18671,580.06213
18672,365.33615
18673,301.22495
18674,264.3804
18675,226.25758
18676,194.87297
18677,185.13689
18678,193.30157
18679,213.3961
18680,238.27394
18681,328.88205
18682,490.3611
18683,517.3834
18684,517.3834
18685,491.3147
18686,495.7438
18687,495.7438
18688,469.1391
18689,467.216
18690,470.28812
18691,488.11432
18692,481.45322
18693,452.322
18694,447.8969
18695,428.24863
18696,394.43237
18697,328.64624
18698,292.1926
18699,256.59128
18700,243.2725
18701,237.7294
18702,245.53682
18703,268.10767
18704,294.36887
18705,393.98645
18706,556.2144
18707,586.9501
18708,586.9501
18709,567.3084
18710,576.3589
18711,576.3589
18712,576.3589
18713,577.2278
18714,578.5791
18715,596.4052
18716,591.9465
18717,562.8151
18718,558.38995
18719,548.933
18720,421.0211
18721,356.90988
18722,320.45624
18723,282.33334
18724,258.37296
18725,250.18347
18726,257.99057
18727,279.8559
18728,306.09293
18729,404.8236
18730,565.35187
18731,594.81866
18732,594.81866
18733,575.177
18734,584.2275
18735,584.2275
18736,584.2275
18737,585.0964
18738,586.4477
18739,604.2738
18740,599.81506
18741,570.6837
18742,566.25854
18743,556.8016
18744,423.29703
18745,359.18582
18746,322.73218
18747,284.60928
18748,259.58237
18749,250.63232
18750,258.43982
18751,278.712
18752,304.34918
18753,394.95746
18754,551.0806
18755,577.7031
18756,577.7031
18757,556.4406
18758,565.4911
18759,565.4911
18760,565.4911
18761,566.36
18762,567.7113
18763,585.5374
18764,581.0787
18765,551.9473
18766,547.52216
18767,538.4507
18768,432.35052
18769,368.23932
18770,331.78568
18771,293.66278
18772,268.6357
18773,259.68576
18774,267.493
18775,287.7655
18776,311.90277
18777,400.56473
18778,556.688
18779,581.43567
18780,581.43567
18781,561.18085
18782,570.2313
18783,570.2313
18784,570.2313
18785,571.1002
18786,572.45154
18787,590.27765
18788,584.603
18789,555.4717
18790,551.0465
18791,541.97504
18792,415.90256
18793,351.79135
18794,315.3377
18795,277.21475
18796,252.18797
18797,243.23796
18798,251.04535
18799,271.31744
18800,295.4548
18801,382.99896
18802,536.9225
18803,555.8344
18804,555.8344
18805,535.5796
18806,544.63007
18807,544.63007
18808,544.63007
18809,545.49896
18810,546.8503
18811,564.6764
18812,559.0018
18813,529.8704
18814,525.44525
18815,516.3742
18816,362.2073
18817,298.91202
18818,262.06744
18819,223.9953
18820,198.19814
18821,185.19014
18822,192.99753
18823,213.12189
18824,235.319
18825,294.83655
18826,418.99673
18827,433.9467
18828,433.9467
18829,411.62003
18830,419.64783
18831,419.64783
18832,419.64783
18833,421.67957
18834,423.43903
18835,443.49432
18836,438.86777
18837,414.75922
18838,410.33405
18839,402.56094
18840,382.90457
18841,319.60928
18842,282.7647
18843,244.69247
18844,219.55186
18845,207.035
18846,214.8424
18847,234.96681
18848,257.1637
18849,316.6223
18850,441.20587
18851,456.15582
18852,456.15582
18853,433.04904
18854,441.07684
18855,441.07684
18856,441.46127
18857,443.493
18858,453.2785
18859,479.33917
18860,476.18933
18861,461.30112
18862,460.40753
18863,458.30063
18864,447.56558
18865,381.77945
18866,344.93488
18867,309.33356
18868,296.01474
18869,290.47156
18870,298.27893
18871,320.84995
18872,347.11115
18873,447.10123
18874,610.7706
18875,641.5062
18876,641.5062
18877,622.6481
18878,631.69855
18879,631.69855
18880,632.08295
18881,632.95184
18882,634.30316
18883,653.47766
18884,647.2414
18885,618.11
18886,614.8408
18887,607.81903
18888,474.94687
18889,410.83566
18890,373.9911
18891,335.8682
18892,311.9078
18893,303.71805
18894,311.52542
18895,333.39075
18896,358.8683
18897,457.97147
18898,619.9414
18899,649.4082
18900,649.4082
18901,630.55005
18902,639.6005
18903,639.6005
18904,639.9849
18905,640.8538
18906,644.0908
18907,663.2653
18908,657.02905
18909,627.89764
18910,624.6285
18911,617.6067
18912,478.78568
18913,414.67447
18914,377.8299
18915,339.707
18916,311.83032
18917,302.88025
18918,310.68762
18919,330.9601
18920,355.8378
18921,446.23563
18922,603.8003
18923,630.4227
18924,630.4227
18925,609.9437
18926,618.9942
18927,618.9942
18928,619.3786
18929,620.2475
18930,621.9229
18931,641.0974
18932,634.86115
18933,605.72974
18934,602.4606
18935,595.4388
18936,464.05923
18937,399.94803
18938,363.10345
18939,324.98056
18940,297.10388
18941,288.1538
18942,295.96118
18943,316.23367
18944,339.61145
18945,427.63113
18946,583.7546
18947,608.50226
18948,608.50226
18949,587.4673
18950,596.51776
18951,596.51776
18952,596.90216
18953,597.77106
18954,599.4465
18955,618.62085
18956,612.3846
18957,583.2533
18958,579.984
18959,572.9622
18960,446.53204
18961,382.42084
18962,345.57626
18963,307.4533
18964,279.57663
18965,270.62656
18966,278.43393
18967,298.7064
18968,322.08426
18969,408.98615
18970,562.9101
18971,581.82196
18972,581.82196
18973,560.787
18974,569.83746
18975,569.83746
18976,570.22186
18977,571.09076
18978,572.7662
18979,591.9407
18980,585.7044
18981,556.573
18982,553.30383
18983,547.6019
18984,398.43103
18985,335.13574
18986,298.29117
18987,260.2188
18988,231.57227
18989,218.56425
18990,226.37166
18991,246.49605
18992,268.69278
18993,327.36786
18994,451.52805
18995,466.478
18996,466.478
18997,443.37122
18998,451.39902
18999,451.39902
19000,451.78345
19001,453.8152
19002,455.89874
19003,477.30243
19004,472.1142
19005,448.00565
19006,444.73642
19007,440.95114
19008,400.1109
19009,336.8156
19010,299.97104
19011,261.89862
19012,233.9086
19013,221.39175
19014,229.19914
19015,249.32338
19016,271.52042
19017,329.04388
19018,452.93475
19019,467.8847
19020,467.8847
19021,444.77792
19022,452.80573
19023,452.80573
19024,453.19016
19025,455.2219
19026,465.33148
19027,491.5687
19028,488.41885
19029,473.53064
19030,473.793
19031,475.0557
19032,436.58328
19033,370.79715
19034,333.95258
19035,298.35126
19036,285.03244
19037,279.48926
19038,287.29663
19039,309.86765
19040,336.12885
19041,435.9184
19042,598.52844
19043,629.26404
19044,629.26404
19045,610.4059
19046,619.45636
19047,619.45636
19048,619.84076
19049,620.70966
19050,622.3851
19051,641.5596
19052,635.3233
19053,606.1919
19054,602.9227
19055,595.90094
19056,463.86896
19057,399.75775
19058,362.91318
19059,324.79028
19060,297.9803
19061,289.79053
19062,297.5979
19063,319.46323
19064,344.94077
19065,443.8434
19066,604.7539
19067,634.2207
19068,634.2207
19069,615.36255
19070,624.413
19071,624.413
19072,624.7974
19073,625.6663
19074,627.34174
19075,646.51624
19076,640.27997
19077,611.14856
19078,607.8794
19079,600.8576
19080,471.72937
19081,407.61816
19082,370.7736
19083,332.6507
19084,304.77402
19085,295.82394
19086,303.63132
19087,323.9038
19088,348.7815
19089,437.82712
19090,592.9099
19091,619.53235
19092,619.53235
19093,598.3282
19094,607.37866
19095,607.37866
19096,607.76306
19097,608.63196
19098,610.3074
19099,629.4819
19100,623.2456
19101,594.1142
19102,590.84503
19103,583.82324
19104,461.6261
19105,397.5149
19106,360.67032
19107,322.54742
19108,294.67075
19109,285.72067
19110,293.52805
19111,313.80054
19112,337.1783
19113,423.8458
19114,577.9107
19115,602.6584
19116,602.6584
19117,580.89825
19118,589.9487
19119,589.9487
19120,590.3331
19121,591.202
19122,592.87744
19123,612.0518
19124,605.81555
19125,576.68427
19126,573.415
19127,566.3932
19128,448.55478
19129,384.44357
19130,347.599
19131,309.47604
19132,281.59937
19133,272.6493
19134,280.45667
19135,300.72913
19136,324.107
19137,409.65668
19138,561.5221
19139,580.43396
19140,580.43396
19141,558.6738
19142,567.7243
19143,567.7243
19144,568.1087
19145,568.9776
19146,570.653
19147,589.8275
19148,583.59125
19149,554.45984
19150,551.1907
19151,545.4888
19152,329.3032
19153,288.1128
19154,254.0272
19155,221.84003
19156,197.30405
19157,189.94438
19158,197.4954
19159,214.5818
19160,230.27893
19161,283.34543
19162,363.40717
19163,392.00665
19164,392.00665
19165,374.87616
19166,384.2897
19167,384.2897
19168,384.2897
19169,386.35864
19170,389.4958
19171,406.01898
19172,404.4299
19173,387.21677
19174,382.7916
19175,375.06345
19176,312.12302
19177,270.11685
19178,236.03117
19179,203.15437
19180,179.50636
19181,171.14046
19182,178.6915
19183,197.51888
19184,219.03441
19185,297.0135
19186,405.54944
19187,430.8085
19188,430.8085
19189,418.74765
19190,428.1612
19191,428.1612
19192,428.1612
19193,429.06738
19194,430.95844
19195,445.25244
19196,442.61533
19197,419.1027
19198,414.67752
19199,405.0381
19200,313.62915
19201,271.623
19202,237.53737
19203,202.18127
19204,178.53326
19205,170.16736
19206,177.7184
19207,196.54578
19208,218.06131
19209,296.04034
19210,404.5763
19211,427.46994
19212,427.46994
19213,411.98825
19214,421.4018
19215,421.4018
19216,421.4018
19217,422.30798
19218,424.11307
19219,438.40707
19220,435.76996
19221,412.25732
19222,407.83215
19223,398.19272
19224,388.80884
19225,348.11725
19226,314.0317
19227,278.6758
19228,253.96089
19229,246.1058
19230,253.65686
19231,270.89145
19232,290.3072
19233,358.67615
19234,454.74005
19235,474.779
19236,474.779
19237,456.7515
19238,469.58426
19239,469.58426
19240,469.58426
19241,470.49045
19242,472.29553
19243,490.34323
19244,487.14856
19245,460.4398
19246,456.01462
19247,446.37515
19248,379.64545
19249,339.774
19250,305.43823
19251,269.51212
19252,244.68393
19253,232.8657
19254,241.0304
19255,258.1168
19256,276.3517
19257,325.178
19258,408.86005
19259,423.07068
19260,423.07068
19261,402.74075
19262,413.9834
19263,413.9834
19264,413.9834
19265,416.05234
19266,425.92117
19267,449.20166
19268,448.71414
19269,439.18478
19270,438.2912
19271,432.13766
19272,379.8486
19273,327.65475
19274,292.76447
19275,255.29442
19276,230.57962
19277,221.80487
19278,229.96956
19279,247.83572
19280,268.7512
19281,339.87344
19282,448.32422
19283,471.47162
19284,471.47162
19285,451.17874
19286,462.4214
19287,462.4214
19288,462.4214
19289,463.32758
19290,465.13266
19291,483.1804
19292,479.98572
19293,453.27692
19294,448.85175
19295,439.2123
19296,396.24927
19297,343.05
19298,308.15964
19299,270.0368
19300,245.32205
19301,237.44011
19302,245.60481
19303,265.74295
19304,286.08124
19305,355.61096
19306,487.7964
19307,504.49057
19308,504.49057
19309,484.1977
19310,492.07965
19311,492.07965
19312,492.07965
19313,492.52423
19314,494.0762
19315,511.9023
19316,507.61194
19317,478.48077
19318,474.0556
19319,464.41614
19320,387.97906
19321,323.92926
19322,287.71844
19323,252.11723
19324,239.11049
19325,233.36432
19326,241.52904
19327,264.10004
19328,288.55515
19329,372.19846
19330,541.284
19331,571.4085
19332,571.4085
19333,551.76685
19334,559.6488
19335,559.6488
19336,561.147
19337,561.5915
19338,563.14343
19339,580.96954
19340,576.5108
19341,547.37946
19342,542.9543
19343,533.3149
19344,429.30045
19345,365.18924
19346,328.7356
19347,290.61273
19348,265.89786
19349,258.01587
19350,266.1806
19351,286.4531
19352,309.13574
19353,397.7977
19354,559.2764
19355,584.90485
19356,584.90485
19357,564.6122
19358,572.49414
19359,572.49414
19360,572.49414
19361,572.93866
19362,574.4906
19363,592.3167
19364,587.858
19365,558.7266
19366,554.30145
19367,544.66205
19368,430.06882
19369,366.77353
19370,330.3199
19371,292.24734
19372,266.45004
19373,254.51004
19374,262.6748
19375,282.7992
19376,304.9963
19377,372.99762
19378,509.7493
19379,527.8116
19380,527.8116
19381,505.44702
19382,513.3292
19383,513.3292
19384,513.3292
19385,514.93634
19386,518.41656
19387,538.47217
19388,535.0614
19389,510.9527
19390,506.5274
19391,498.18628
19392,447.91144
19393,383.80023
19394,346.95566
19395,308.83276
19396,284.87238
19397,276.47955
19398,284.6443
19399,306.5096
19400,331.98715
19401,430.71783
19402,596.6024
19403,626.0691
19404,626.0691
19405,606.4274
19406,614.3094
19407,614.3094
19408,614.3094
19409,614.7539
19410,617.82587
19411,635.652
19412,631.19324
19413,602.0619
19414,597.6367
19415,587.9973
19416,382.72464
19417,318.61343
19418,281.1088
19419,242.98605
19420,211.6013
19421,203.71939
19422,211.88408
19423,231.97874
19424,255.35652
19425,344.01843
19426,505.49734
19427,530.2458
19428,530.2458
19429,505.2601
19430,509.68976
19431,509.68976
19432,488.61536
19433,486.69223
19434,489.7643
19435,507.59076
19436,500.92947
19437,471.7978
19438,467.37286
19439,447.7247
19440,418.48495
19441,354.37375
19442,317.52917
19443,279.40628
19444,254.37935
19445,246.02435
19446,253.83174
19447,274.10397
19448,297.48175
19449,386.1437
19450,542.2672
19451,567.0149
19452,567.0149
19453,545.7524
19454,554.80286
19455,554.80286
19456,554.80286
19457,555.67175
19458,557.0231
19459,574.8492
19460,570.39044
19461,541.2591
19462,536.8339
19463,527.37695
19464,405.21564
19465,341.10443
19466,304.25986
19467,266.1369
19468,241.11018
19469,232.16017
19470,239.96756
19471,260.2396
19472,283.61746
19473,371.16162
19474,525.0855
19475,543.99744
19476,543.99744
19477,522.7349
19478,531.7854
19479,531.7854
19480,531.7854
19481,532.6543
19482,534.0056
19483,551.8317
19484,547.373
19485,518.24164
19486,513.81647
19487,504.35925
19488,355.85654
19489,292.56125
19490,255.71674
19491,217.64462
19492,191.84746
19493,178.83946
19494,186.64685
19495,206.77121
19496,228.96832
19497,288.48578
19498,412.64597
19499,427.59592
19500,427.59592
19501,404.2615
19502,412.2893
19503,412.2893
19504,412.2893
19505,414.32104
19506,416.0805
19507,436.1358
19508,432.7251
19509,408.61655
19510,404.19138
19511,396.41827
19512,350.215
19513,286.9197
19514,250.07549
19515,212.00302
19516,186.86249
19517,174.34563
19518,182.15303
19519,202.27739
19520,224.4745
19521,283.99207
19522,408.15225
19523,423.1022
19524,423.1022
19525,400.77554
19526,408.80334
19527,408.80334
19528,408.80334
19529,410.83508
19530,420.62057
19531,443.85605
19532,441.26788
19533,426.37967
19534,425.48608
19535,419.2866
19536,398.65765
19537,332.87152
19538,296.02695
19539,260.42563
19540,247.1071
19541,241.56403
19542,249.37132
19543,271.94202
19544,298.20322
19545,397.8208
19546,561.06696
19547,591.8026
19548,591.8026
19549,573.16864
19550,582.2191
19551,582.2191
19552,582.2191
19553,583.088
19554,584.43933
19555,602.26544
19556,596.5908
19557,567.4595
19558,563.0343
19559,553.9628
19560,423.8528
19561,359.7416
19562,322.89703
19563,284.77414
19564,260.81375
19565,252.62436
19566,260.43137
19567,282.2967
19568,307.77423
19569,406.5049
19570,568.0514
19571,597.5182
19572,597.5182
19573,578.8842
19574,587.9347
19575,587.9347
19576,587.9347
19577,588.8036
19578,590.1549
19579,607.981
19580,602.3064
19581,573.17505
19582,568.7499
19583,559.6784
19584,470.2777
19585,406.1665
19586,369.32193
19587,331.19904
19588,306.17197
19589,297.2219
19590,305.02927
19591,325.30176
19592,350.17944
19593,441.16022
19594,598.725
19595,625.3474
19596,625.3474
19597,604.8684
19598,613.9189
19599,613.9189
19600,614.3033
19601,615.1722
19602,616.5235
19603,635.5215
19604,629.2852
19605,600.1538
19606,595.72864
19607,586.65717
19608,460.89325
19609,396.78204
19610,359.93747
19611,321.81458
19612,296.7875
19613,287.83743
19614,295.6448
19615,315.9173
19616,339.29507
19617,427.8977
19618,584.44464
19619,609.1923
19620,609.1923
19621,588.15735
19622,597.2078
19623,597.2078
19624,597.5922
19625,598.4611
19626,599.81244
19627,618.9868
19628,612.75055
19629,583.61926
19630,580.35
19631,573.3282
19632,448.80975
19633,384.69855
19634,347.85397
19635,309.73102
19636,284.70395
19637,275.75388
19638,283.56125
19639,303.8337
19640,327.21158
19641,414.11346
19642,568.46075
19643,587.3726
19644,587.3726
19645,566.33765
19646,575.3881
19647,575.3881
19648,575.7725
19649,576.6414
19650,579.8784
19651,599.0529
19652,592.81665
19653,563.68524
19654,560.4161
19655,554.7142
19656,401.57782
19657,338.28253
19658,301.43796
19659,263.3656
19660,234.71915
19661,221.71114
19662,229.51854
19663,249.64305
19664,271.83957
19665,330.71518
19666,455.29874
19667,470.2487
19668,470.2487
19669,447.1419
19670,455.1697
19671,455.1697
19672,455.55414
19673,457.58588
19674,459.66943
19675,481.07312
19676,475.8849
19677,451.77634
19678,448.5071
19679,444.72183
19680,384.49118
19681,321.1959
19682,284.35132
19683,246.2793
19684,218.28908
19685,205.77223
19686,213.57962
19687,233.70392
19688,255.90074
19689,314.77637
19690,438.93655
19691,453.8865
19692,453.8865
19693,430.77972
19694,438.80753
19695,438.80753
19696,439.19196
19697,441.2237
19698,451.33328
19699,477.5705
19700,474.42065
19701,459.53244
19702,459.7948
19703,461.0575
19704,441.8319
19705,376.04578
19706,339.2012
19707,303.59988
19708,290.28107
19709,284.73788
19710,292.54526
19711,315.11627
19712,341.37747
19713,441.36755
19714,604.61414
19715,635.34973
19716,635.34973
19717,616.4916
19718,625.54205
19719,625.54205
19720,625.92645
19721,626.79535
19722,628.47076
19723,647.64526
19724,641.409
19725,612.2776
19726,609.0084
19727,601.98663
19728,470.60675
19729,406.49554
19730,369.65097
19731,331.52808
19732,304.71808
19733,296.52832
19734,304.3357
19735,326.20102
19736,351.67856
19737,450.5812
19738,612.1283
19739,641.5951
19740,641.5951
19741,622.73694
19742,631.7874
19743,631.7874
19744,632.1718
19745,633.0407
19746,634.7161
19747,653.8906
19748,647.65436
19749,618.52295
19750,615.2538
19751,608.232
19752,495.63315
19753,431.52194
19754,394.67737
19755,356.55447
19756,328.6778
19757,319.72772
19758,327.5351
19759,347.8076
19760,372.68527
19761,461.7309
19762,618.60315
19763,645.2256
19764,645.2256
19765,624.7466
19766,633.79706
19767,633.79706
19768,635.17456
19769,636.04346
19770,637.7189
19771,656.8934
19772,650.6571
19773,621.5257
19774,618.25653
19775,611.23474
19776,473.68335
19777,409.57214
19778,372.72757
19779,334.60468
19780,306.728
19781,297.77792
19782,305.5853
19783,325.8578
19784,349.23557
19785,435.90305
19786,590.2888
19787,615.0365
19788,615.0365
19789,594.0015
19790,603.052
19791,603.052
19792,604.4295
19793,605.2984
19794,606.9738
19795,626.1482
19796,619.9119
19797,590.78064
19798,587.51135
19799,580.48956
19800,461.96515
19801,397.85394
19802,361.00937
19803,322.8864
19804,295.00974
19805,286.05966
19806,293.86703
19807,314.1395
19808,337.51736
19809,423.06705
19810,575.2532
19811,594.16504
19812,594.16504
19813,573.13007
19814,582.18054
19815,582.18054
19816,583.55804
19817,584.42694
19818,586.10236
19819,605.27686
19820,599.0406
19821,569.9092
19822,566.64
19823,560.9381
19824,411.73117
19825,348.43588
19826,311.59134
19827,273.51895
19828,240.0347
19829,227.02667
19830,234.83408
19831,253.58247
19832,275.7794
19833,333.3028
19834,454.59973
19835,469.54968
19836,469.54968
19837,445.71774
19838,453.74554
19839,453.74554
19840,454.12997
19841,456.1617
19842,458.24527
19843,479.64896
19844,474.46072
19845,450.35217
19846,447.08295
19847,443.29767
19848,397.944
19849,334.6487
19850,297.80417
19851,259.73172
19852,226.90405
19853,214.3872
19854,222.19461
19855,240.94322
19856,263.13998
19857,320.66345
19858,441.9604
19859,456.91034
19860,456.91034
19861,433.0784
19862,441.1062
19863,441.1062
19864,441.49063
19865,443.52237
19866,453.63196
19867,479.86917
19868,476.71933
19869,461.83112
19870,462.09348
19871,463.35617
19872,288.05823
19873,246.86787
19874,212.7826
19875,180.59541
19876,156.71606
19877,149.47739
19878,157.02841
19879,174.1148
19880,189.81194
19881,237.05623
19882,311.50436
19883,328.12766
19884,328.12766
19885,310.99716
19886,320.4107
19887,320.4107
19888,320.4107
19889,322.47964
19890,332.43445
19891,351.96124
19892,352.03128
19893,362.2167
19894,361.32312
19895,356.98227
19896,315.97516
19897,273.96902
19898,239.88377
19899,207.00697
19900,182.29227
19901,173.761
19902,181.31204
19903,198.54654
19904,219.46223
19905,290.65005
19906,394.78085
19907,417.19574
19908,417.19574
19909,404.4838
19910,413.89734
19911,413.89734
19912,413.89734
19913,414.80353
19914,415.8934
19915,430.1874
19916,427.5503
19917,404.03766
19918,399.6125
19919,389.973
19920,332.9829
19921,290.97678
19922,256.89157
19923,221.53546
19924,196.82076
19925,188.28949
19926,195.84053
19927,213.07503
19928,233.99072
19929,305.17853
19930,409.30933
19931,432.0804
19932,432.0804
19933,415.94763
19934,425.36118
19935,425.36118
19936,425.36118
19937,426.26736
19938,427.27127
19939,441.56528
19940,438.92816
19941,415.41553
19942,410.99036
19943,401.35086
19944,397.26926
19945,357.3936
19946,323.0582
19947,287.5357
19948,262.05078
19949,249.98488
19950,257.53598
19951,274.62222
19952,292.8573
19953,341.68344
19954,413.7405
19955,429.81708
19956,429.81708
19957,409.71786
19958,422.55063
19959,422.55063
19960,422.55063
19961,424.61957
19962,426.86957
19963,447.14645
19964,444.99982
19965,424.59055
19966,420.16537
19967,413.10614
19968,369.8743
19969,323.4919
19970,289.15628
19971,255.70157
19972,242.69511
19973,236.36212
19974,244.52682
19975,264.05978
19976,286.3588
19977,363.46518
19978,477.02216
19979,503.9062
19980,503.9062
19981,486.29907
19982,497.54172
19983,497.54172
19984,497.54172
19985,498.4479
19986,499.4518
19987,517.4997
19988,514.3052
19989,487.59607
19990,483.1709
19991,473.53146
19992,401.4615
19993,349.26764
19994,314.37735
19995,276.90726
19996,252.19255
19997,243.35367
19998,251.51836
19999,269.38446
20000,288.8001
20001,357.97598
20002,466.42676
20003,487.69952
20004,487.69952
20005,467.40665
20006,478.6493
20007,478.6493
20008,478.6493
20009,479.55548
20010,480.5594
20011,498.60712
20012,495.41245
20013,468.70364
20014,464.27847
20015,454.63904
20016,380.7261
20017,328.3427
20018,292.78262
20019,254.71045
20020,229.22554
20021,216.91548
20022,225.08018
20023,245.07033
20024,264.5308
20025,314.51752
20026,422.6963
20027,435.4281
20028,435.4281
20029,413.0635
20030,420.94547
20031,420.94547
20032,420.94547
20033,422.5528
20034,424.54968
20035,444.60498
20036,441.19427
20037,418.3626
20038,413.93744
20039,406.8782
20040,423.7048
20041,361.32993
20042,325.1191
20043,286.99625
20044,263.34805
20045,254.95514
20046,263.11996
20047,284.9853
20048,308.65674
20049,392.30005
20050,556.9441
20051,585.7998
20052,585.7998
20053,566.15814
20054,574.0401
20055,574.0401
20056,575.53827
20057,575.9828
20058,576.73364
20059,594.55975
20060,590.101
20061,560.96967
20062,556.5445
20063,546.9051
20064,432.644
20065,368.5328
20066,332.07916
20067,293.95624
20068,269.24136
20069,260.98923
20070,269.15396
20071,289.42648
20072,312.10913
20073,399.65332
20074,560.4117
20075,581.4615
20076,581.4615
20077,561.1688
20078,569.0508
20079,569.0508
20080,569.0508
20081,569.4953
20082,570.24615
20083,588.07227
20084,583.6135
20085,554.4822
20086,550.057
20087,540.4176
20088,443.73578
20089,380.4405
20090,343.98685
20091,305.9143
20092,280.77365
20093,268.9547
20094,277.11945
20095,297.24384
20096,319.44095
20097,387.44226
20098,524.19403
20099,540.4012
20100,540.4012
20101,518.0367
20102,525.91864
20103,525.91864
20104,525.91864
20105,527.526
20106,536.3038
20107,559.5392
20108,556.951
20109,542.0628
20110,541.16907
20111,533.73364
20112,459.2805
20113,395.16928
20114,358.3247
20115,320.2018
20116,295.17474
20117,286.61658
20118,294.7813
20119,315.0538
20120,339.9315
20121,430.53976
20122,592.0189
20123,618.6413
20124,618.6413
20125,598.34863
20126,606.2306
20127,606.2306
20128,606.2306
20129,606.6751
20130,608.946
20131,626.7721
20132,622.31335
20133,593.182
20134,588.75684
20135,579.11743
20136,416.2377
20137,352.1265
20138,314.62186
20139,276.499
20140,249.60194
20141,241.34972
20142,249.51457
20143,269.60886
20144,292.9867
20145,381.1451
20146,545.63293
20147,565.802
20148,565.802
20149,540.817
20150,548.699
20151,548.699
20152,527.62524
20153,525.7021
20154,527.97296
20155,545.7991
20156,539.1379
20157,510.0064
20158,505.58105
20159,485.93286
20160,316.43286
20161,253.13799
20162,215.63332
20163,177.56096
20164,149.8935
20165,137.4805
20166,145.2879
20167,165.23451
20168,187.43163
20169,247.5636
20170,373.0264
20171,387.97638
20172,387.97638
20173,359.94962
20174,368.70938
20175,368.70938
20176,347.63565
20177,347.29968
20178,349.05914
20179,369.11447
20180,363.50134
20181,339.3928
20182,334.96762
20183,316.80017
20184,305.1939
20185,241.89888
20186,204.3943
20187,166.32188
20188,139.31107
20189,126.794205
20190,134.60162
20191,154.54823
20192,176.74535
20193,236.87733
20194,362.34033
20195,377.29025
20196,377.29025
20197,349.26355
20198,358.02332
20199,358.02332
20200,336.9496
20201,336.61362
20202,346.3991
20203,369.63458
20204,364.844
20205,349.95578
20206,349.06216
20207,331.80045
20208,403.88138
20209,338.09525
20210,300.5906
20211,264.9893
20212,249.80057
20213,244.25746
20214,252.06485
20215,274.45764
20216,300.71884
20217,400.95062
20218,568.71313
20219,600.39325
20220,600.39325
20221,576.05927
20222,586.60504
20223,586.60504
20224,565.5313
20225,564.03253
20226,565.38385
20227,583.20996
20228,576.54877
20229,547.4174
20230,542.99225
20231,523.912
20232,407.26413
20233,343.15292
20234,305.64835
20235,267.52542
20236,241.69496
20237,233.50528
20238,241.31267
20239,262.99994
20240,288.47745
20241,387.82233
20242,550.67236
20243,580.13916
20244,580.13916
20245,556.81287
20246,567.35864
20247,567.35864
20248,546.2849
20249,544.78613
20250,546.13745
20251,563.96356
20252,556.0865
20253,526.95514
20254,522.52997
20255,503.44913
20256,406.58243
20257,342.47122
20258,304.96664
20259,266.84372
20260,239.94673
20261,230.99663
20262,238.8041
20263,258.89844
20264,283.7761
20265,374.9986
20266,533.44336
20267,560.06586
20268,560.06586
20269,535.1187
20270,545.6645
20271,545.6645
20272,524.59076
20273,523.092
20274,524.4433
20275,542.2694
20276,534.39233
20277,505.2604
20278,500.83517
20279,481.7551
20280,402.83298
20281,338.72177
20282,301.2172
20283,263.09427
20284,236.19722
20285,227.24722
20286,235.05461
20287,255.14903
20288,278.52676
20289,367.80292
20290,525.2299
20291,549.9776
20292,549.9776
20293,525.03046
20294,535.57623
20295,535.57623
20296,514.5025
20297,513.0037
20298,514.35504
20299,532.18115
20300,524.3041
20301,495.1719
20302,490.74695
20303,471.66678
20304,419.281
20305,355.1698
20306,318.3252
20307,280.20227
20308,253.30502
20309,244.35529
20310,252.16235
20311,272.2569
20312,295.6348
20313,383.73383
20314,539.3844
20315,558.29626
20316,558.29626
20317,532.569
20318,543.11475
20319,543.11475
20320,522.4254
20321,520.92664
20322,522.27795
20323,541.27594
20324,532.8372
20325,503.70517
20326,499.28
20327,480.2
20328,360.20023
20329,296.90494
20330,260.06033
20331,221.98834
20332,194.32089
20333,181.3129
20334,189.12029
20335,209.0669
20336,231.26396
20337,290.72208
20338,416.6087
20339,431.55862
20340,431.55862
20341,403.75952
20342,412.5193
20343,412.5193
20344,391.83
20345,391.49402
20346,393.25348
20347,414.6572
20348,407.26654
20349,383.158
20350,379.88876
20351,366.09467
20352,338.9603
20353,275.665
20354,238.82086
20355,200.74832
20356,173.7375
20357,161.22064
20358,169.02805
20359,188.97466
20360,211.17168
20361,270.04706
20362,395.93362
20363,410.8836
20364,410.8836
20365,383.0845
20366,391.84427
20367,391.84427
20368,371.15497
20369,370.819
20370,382.4902
20371,408.72742
20372,403.37515
20373,388.48694
20374,388.74927
20375,380.00317
20376,443.7906
20377,378.00446
20378,341.1599
20379,305.5586
20380,290.36948
20381,284.8263
20382,292.63367
20383,315.02692
20384,341.28812
20385,441.2782
20386,610.4821
20387,642.1622
20388,642.1622
20389,618.6117
20390,628.3941
20391,628.3941
20392,607.7048
20393,606.206
20394,607.8814
20395,627.0559
20396,618.6172
20397,589.4858
20398,586.2166
20399,569.186
20400,417.97693
20401,353.86572
20402,317.02118
20403,278.89825
20404,250.21837
20405,242.02873
20406,249.83601
20407,271.52316
20408,297.00073
20409,396.1039
20410,558.95386
20411,588.42065
20412,588.42065
20413,565.13116
20414,574.9136
20415,574.9136
20416,554.22424
20417,552.72546
20418,554.4009
20419,573.5754
20420,565.13666
20421,536.00525
20422,532.7361
20423,515.70544
20424,425.86465
20425,361.75345
20426,324.90884
20427,286.78598
20428,257.03897
20429,248.08936
20430,255.89635
20431,275.991
20432,300.8687
20433,391.2665
20434,549.7112
20435,576.3336
20436,576.3336
20437,551.4233
20438,561.2057
20439,561.2057
20440,540.51636
20441,539.0176
20442,540.693
20443,559.8675
20444,551.4288
20445,522.29736
20446,519.0282
20447,501.99692
20448,411.9904
20449,347.87918
20450,311.03458
20451,272.9117
20452,243.16515
20453,234.21507
20454,242.02249
20455,262.1168
20456,285.49457
20457,373.31372
20458,530.7405
20459,555.48816
20460,555.48816
20461,530.02185
20462,539.80426
20463,539.80426
20464,519.1149
20465,517.61615
20466,519.29156
20467,538.46594
20468,530.0272
20469,500.89523
20470,497.626
20471,480.5957
20472,412.64474
20473,348.53354
20474,311.68893
20475,273.566
20476,243.81924
20477,234.86922
20478,242.67662
20479,262.77103
20480,286.14886
20481,371.69855
20482,526.65625
20483,545.5681
20484,545.5681
20485,520.1018
20486,529.8842
20487,529.8842
20488,509.19427
20489,507.69547
20490,509.3709
20491,528.546
20492,520.1073
20493,490.97568
20494,487.70654
20495,471.99576
20496,372.77988
20497,309.4846
20498,272.63998
20499,234.56787
20500,199.89227
20501,186.88428
20502,194.69168
20503,214.63829
20504,236.83525
20505,294.35834
20506,417.27914
20507,432.22906
20508,432.22906
20509,404.69092
20510,413.45068
20511,413.45068
20512,392.76138
20513,392.4254
20514,394.50897
20515,415.9127
20516,408.52203
20517,384.41348
20518,381.14426
20519,367.35016
20520,354.74625
20521,291.45096
20522,254.60654
20523,216.5343
20524,182.5152
20525,169.99835
20526,177.80576
20527,197.75237
20528,219.94926
20529,277.47256
20530,400.3933
20531,415.3433
20532,415.3433
20533,387.80515
20534,396.5649
20535,396.5649
20536,375.8756
20537,375.53964
20538,385.64923
20539,411.88644
20540,406.53418
20541,391.64597
20542,391.9083
20543,383.1622
20544,458.97183
20545,395.18857
20546,358.34396
20547,322.74265
20548,303.39487
20549,297.85168
20550,305.65906
20551,328.05237
20552,354.31357
20553,452.93948
20554,620.23126
20555,658.2678
20556,658.2678
20557,634.56573
20558,644.67944
20559,644.67944
20560,623.6057
20561,622.10693
20562,623.78235
20563,642.95685
20564,634.5181
20565,606.8579
20566,603.58875
20567,586.5581
20568,436.29495
20569,376.4373
20570,339.59268
20571,301.46982
20572,268.6309
20573,260.44113
20574,268.2485
20575,289.77585
20576,315.25342
20577,412.99243
20578,574.3535
20579,632.9397
20580,632.9397
20581,609.2376
20582,619.3513
20583,619.3513
20584,598.2776
20585,596.7788
20586,598.4542
20587,617.6287
20588,609.19
20589,581.5298
20590,578.2606
20591,561.23
20592,445.54773
20593,385.69006
20594,348.84552
20595,310.7226
20596,276.817
20597,267.8669
20598,275.6743
20599,295.6088
20600,320.4865
20601,408.36847
20602,564.2226
20603,619.2222
20604,619.2222
20605,593.8993
20606,604.013
20607,604.013
20608,582.9393
20609,581.4405
20610,583.1159
20611,602.2904
20612,593.8517
20613,566.19147
20614,562.9223
20615,545.89166
20616,209.3656
20617,181.99092
20618,150.92938
20619,124.961174
20620,99.59655
20621,90.62166
20622,97.57628
20623,110.81724
20624,123.26959
20625,168.38036
20626,231.5767
20627,247.94756
20628,248.20026
20629,231.37244
20630,239.66339
20631,239.66339
20632,239.66339
20633,238.496
20634,239.37717
20635,250.82176
20636,250.20378
20637,228.45583
20638,228.93646
20639,220.39801
20640,213.51155
20641,178.18561
20642,147.12405
20643,115.72262
20644,91.84322
20645,88.795815
20646,95.750435
20647,106.57671
20648,117.84832
20649,145.46678
20650,201.43506
20651,209.50948
20652,209.50948
20653,192.06856
20654,201.48213
20655,201.48213
20656,201.48213
20657,201.47748
20658,202.83585
20659,220.10272
20660,222.19196
20661,229.87495
20662,228.98138
20663,224.59773
20664,214.18799
20665,178.86205
20666,147.80049
20667,116.17453
20668,92.295135
20669,89.247734
20670,96.202354
20671,107.028625
20672,120.83811
20673,148.45662
20674,211.59834
20675,220.02898
20676,220.02898
20677,201.82455
20678,211.23813
20679,211.23813
20680,211.23813
20681,211.23347
20682,212.50586
20683,229.77274
20684,231.86197
20685,224.97008
20686,224.0765
20687,219.69286
20688,168.44746
20689,132.30563
20690,101.24369
20691,66.67379
20692,41.309193
20693,34.142506
20694,41.097137
20695,52.071518
20696,68.56164
20697,115.17396
20698,189.56575
20699,208.01535
20700,208.01535
20701,189.98798
20702,202.82076
20703,202.82076
20704,202.82076
20705,201.65337
20706,202.94232
20707,219.3149
20708,218.69691
20709,193.50853
20710,189.08336
20711,181.21385
20712,203.22363
20713,166.88527
20714,135.57378
20715,100.38297
20716,75.01835
20717,68.1577
20718,75.11232
20719,86.08671
20720,101.076935
20721,144.88327
20722,212.50494
20723,222.37071
20724,222.37071
20725,204.34334
20726,215.58598
20727,215.58598
20728,215.58598
20729,214.4186
20730,215.70755
20731,232.63768
20732,231.46214
20733,206.27376
20734,201.84859
20735,193.97908
20736,193.15454
20737,146.79178
20738,114.92521
20739,80.83104
20740,58.75314
20741,49.60391
20742,57.1722
20743,71.07673
20744,88.95036
20745,138.20137
20746,206.79625
20747,223.90627
20748,223.90627
20749,204.26466
20750,215.50731
20751,215.50731
20752,215.50731
20753,214.33992
20754,215.62888
20755,232.559
20756,231.38347
20757,206.19508
20758,201.76991
20759,193.9004
20760,191.72554
20761,145.22803
20762,113.361565
20763,77.7536
20764,52.388992
20765,44.825928
20766,52.39422
20767,64.61431
20768,82.02681
20769,127.6261
20770,194.21507
20771,208.46579
20772,208.46579
20773,188.17313
20774,199.41577
20775,199.41577
20776,199.41577
20777,198.24838
20778,199.53734
20779,216.29086
20780,214.66266
20781,192.07889
20782,187.65372
20783,179.78421
20784,202.99068
20785,155.58444
20786,123.04842
20787,86.838196
20788,61.353233
20789,52.86493
20790,60.433224
20791,74.163284
20792,89.19838
20793,112.25008
20794,178.72534
20795,188.26248
20796,188.26248
20797,165.89809
20798,173.78001
20799,173.78001
20800,173.78001
20801,173.31377
20802,175.59578
20803,194.53348
20804,193.14188
20805,170.8469
20806,166.42172
20807,161.13245
20808,183.49127
20809,125.07619
20810,91.64665
20811,55.386024
20812,31.088152
20813,22.156225
20814,29.72452
20815,45.329655
20816,65.18596
20817,129.6311
20818,214.69057
20819,234.88782
20820,234.88782
20821,215.24622
20822,223.12814
20823,223.12814
20824,223.12814
20825,221.49916
20826,222.53503
20827,239.24341
20828,236.80379
20829,209.19322
20830,204.76805
20831,196.89854
20832,230.74588
20833,172.33095
20834,138.90135
20835,102.6407
20836,77.27606
20837,70.01905
20838,77.58733
20839,91.599686
20840,110.55189
20841,159.06898
20842,251.47205
20843,267.32358
20844,267.32358
20845,247.03078
20846,254.91261
20847,254.91261
20848,254.91261
20849,253.2837
20850,255.8396
20851,272.5481
20852,270.1085
20853,242.49768
20854,238.07254
20855,230.203
20856,204.80893
20857,147.20992
20858,113.389435
20859,77.17918
20860,52.038605
20861,39.726414
20862,47.2947
20863,61.158905
20864,78.930374
20865,106.88179
20866,183.30908
20867,194.73732
20868,194.73732
20869,172.37292
20870,180.25484
20871,180.25484
20872,180.25484
20873,179.78859
20874,179.96992
20875,200.94548
20876,200.37643
20877,182.98584
20878,182.09225
20879,176.4267
20880,167.68028
20881,109.265144
20882,75.444786
20883,39.18414
20884,10.752452
20885,-2.494542
20886,5.073743
20887,16.954521
20888,38.006447
20889,91.4976
20890,178.572
20891,197.88858
20892,197.88858
20893,178.24698
20894,186.12889
20895,186.12889
20896,186.12889
20897,184.49991
20898,187.05588
20899,203.76439
20900,201.32474
20901,173.71396
20902,169.28879
20903,161.41928
20904,201.67131
20905,159.66484
20906,125.57862
20907,92.92626
20908,69.27827
20909,60.86875
20910,68.06245
20911,86.889854
20912,105.86753
20913,177.30624
20914,264.2173
20915,289.3195
20916,289.3195
20917,270.78317
20918,276.75555
20919,276.75555
20920,276.75555
20921,277.17798
20922,277.3483
20923,291.6423
20924,289.0052
20925,265.49255
20926,261.06738
20927,251.61046
20928,184.25146
20929,142.245
20930,108.158745
20931,73.70745
20932,48.992783
20933,39.822884
20934,47.01665
20935,64.25119
20936,82.628975
20937,140.8524
20938,223.3589
20939,244.16876
20940,244.16876
20941,224.32216
20942,230.29448
20943,230.29448
20944,230.29448
20945,230.7169
20946,230.88715
20947,245.18106
20948,242.54391
20949,219.03139
20950,214.60622
20951,205.14922
20952,183.34003
20953,141.33356
20954,107.24729
20955,72.79604
20956,48.081345
20957,38.911438
20958,46.105206
20959,63.339794
20960,80.21766
20961,136.4947
20962,219.00124
20963,237.93651
20964,237.93651
20965,218.08986
20966,224.06218
20967,224.06218
20968,224.06218
20969,224.4846
20970,224.65485
20971,238.94888
20972,236.31177
20973,212.79906
20974,208.37392
20975,199.3025
20976,160.32446
20977,118.31766
20978,84.2317
20979,49.78051
20980,25.06581
20981,15.895902
20982,23.08967
20983,40.324177
20984,57.202114
20985,113.47881
20986,175.05501
20987,188.15446
20988,188.15446
20989,168.30782
20990,174.28014
20991,174.28014
20992,174.28014
20993,174.70256
20994,174.8728
20995,189.16682
20996,185.31387
20997,161.80113
20998,157.37596
20999,148.30455
21000,141.0135
21001,99.82233
21002,65.73672
21003,31.750599
21004,7.2145867
21005,-1.4599414
21006,5.73382
21007,22.820269
21008,38.51742
21009,66.76789
21010,118.20775
21011,127.3452
21012,127.3452
21013,105.42655
21014,110.37596
21015,110.37596
21016,110.37596
21017,111.961105
21018,113.37755
21019,129.90106
21020,127.09613
21021,109.88269
21022,105.457504
21023,98.966286
21024,149.5519
21025,108.360825
21026,74.27511
21027,40.288982
21028,16.409672
21029,8.226313
21030,15.420066
21031,32.506474
21032,48.20366
21033,83.93079
21034,135.37093
21035,144.50807
21036,144.50807
21037,122.454704
21038,127.4041
21039,127.4041
21040,127.4041
21041,128.9893
21042,139.95192
21043,159.47871
21044,159.54881
21045,169.73413
21046,168.84056
21047,163.92294
21048,187.12746
21049,143.44604
21050,109.35979
21051,77.43007
21052,64.42362
21053,58.660652
21054,65.854416
21055,85.38748
21056,105.14882
21057,174.54236
21058,259.573
21059,284.49588
21060,284.49588
21061,265.5785
21062,271.55087
21063,271.55087
21064,271.55087
21065,271.9733
21066,272.14362
21067,287.03687
21068,282.62222
21069,259.1096
21070,254.6846
21071,245.61317
21072,223.23961
21073,181.23314
21074,147.1474
21075,112.695656
21076,89.0476
21077,80.638054
21078,87.83181
21079,106.65926
21080,125.63694
21081,194.14357
21082,277.47467
21083,301.1289
21084,301.1289
21085,282.21152
21086,288.1839
21087,288.1839
21088,288.1839
21089,288.60632
21090,288.77664
21091,303.84644
21092,299.4318
21093,275.91916
21094,272.64993
21095,265.6282
21096,226.1219
21097,184.11543
21098,150.0297
21099,115.57791
21100,90.863144
21101,81.69325
21102,88.88701
21103,106.1216
21104,124.49945
21105,185.63228
21106,264.55817
21107,285.3682
21108,285.3682
21109,264.82993
21110,270.8023
21111,270.8023
21112,270.8023
21113,271.22473
21114,273.28076
21115,288.35056
21116,283.9359
21117,260.42328
21118,257.15417
21119,250.13261
21120,218.25787
21121,176.2514
21122,142.16563
21123,107.71394
21124,79.79703
21125,70.62714
21126,77.82089
21127,95.05548
21128,111.93341
21129,170.68802
21130,248.59662
21131,267.5315
21132,267.5315
21133,246.4376
21134,252.40993
21135,252.40993
21136,252.40993
21137,252.83235
21138,253.32664
21139,268.39627
21140,263.98163
21141,240.46927
21142,237.20009
21143,230.17836
21144,211.91307
21145,169.9066
21146,135.82072
21147,101.36917
21148,73.45224
21149,64.282394
21150,71.476105
21151,88.71071
21152,105.58864
21153,164.34322
21154,239.62926
21155,252.72871
21156,252.72871
21157,231.63455
21158,237.60687
21159,237.60687
21160,237.60687
21161,238.0293
21162,238.52364
21163,253.59346
21164,249.17883
21165,225.66608
21166,222.39685
21167,216.69502
21168,172.63625
21169,131.44536
21170,97.35951
21171,63.373375
21172,35.63525
21173,26.960732
21174,34.15449
21175,51.24091
21176,66.93811
21177,98.416534
21178,146.1577
21179,155.29485
21180,155.29485
21181,132.12895
21182,137.07838
21183,137.07838
21184,137.07838
21185,138.66354
21186,140.40402
21187,157.70302
21188,154.33643
21189,137.12321
21190,133.85399
21191,131.35062
21192,166.6268
21193,125.43581
21194,91.350105
21195,57.36394
21196,30.28246
21197,22.099094
21198,29.292856
21199,46.379272
21200,62.076454
21201,93.35438
21202,141.0955
21203,150.23265
21204,150.23265
21205,127.066696
21206,132.01619
21207,132.01619
21208,132.01619
21209,133.60135
21210,144.88805
21211,166.84395
21212,166.35237
21213,176.53769
21214,176.80006
21215,179.34468
21216,213.69331
21217,170.0119
21218,135.92581
21219,103.996
21220,90.63696
21221,84.87399
21222,92.067764
21223,111.60089
21224,131.3623
21225,201.3055
21226,285.91287
21227,310.83588
21228,310.83588
21229,291.9185
21230,297.89087
21231,297.89087
21232,297.89087
21233,298.3133
21234,298.8077
21235,313.8775
21236,309.46286
21237,285.95023
21238,282.681
21239,275.65927
21240,222.44588
21241,180.4394
21242,146.35367
21243,111.902016
21244,85.051796
21245,76.64225
21246,83.836006
21247,102.66346
21248,121.641136
21249,190.69748
21250,271.5498
21251,295.20407
21252,295.20407
21253,276.28668
21254,282.25906
21255,282.25906
21256,282.25906
21257,282.6815
21258,283.1759
21259,298.2457
21260,293.83105
21261,270.31842
21262,267.0492
21263,260.02747
21264,228.55458
21265,186.54811
21266,152.46237
21267,118.01059
21268,90.09367
21269,80.92378
21270,88.11754
21271,105.35213
21272,123.729965
21273,184.91342
21274,260.2589
21275,281.06897
21276,281.06897
21277,260.53064
21278,266.50302
21279,266.50302
21280,266.50302
21281,266.92545
21282,267.41986
21283,282.48965
21284,278.075
21285,254.56229
21286,251.29321
21287,244.27153
21288,216.30217
21289,174.2957
21290,140.20993
21291,105.75822
21292,77.8413
21293,68.67141
21294,75.865166
21295,93.099754
21296,109.977684
21297,168.78293
21298,242.79013
21299,261.72516
21300,261.72516
21301,239.90593
21302,245.87825
21303,245.87825
21304,245.87825
21305,246.30067
21306,246.79503
21307,261.86478
21308,257.45013
21309,233.9376
21310,230.66843
21311,223.6467
21312,209.1445
21313,167.13803
21314,133.0522
21315,98.60056
21316,70.68365
21317,61.513844
21318,68.70751
21319,85.9421
21320,102.82003
21321,161.62526
21322,233.43326
21323,246.53271
21324,246.53271
21325,224.71338
21326,230.6857
21327,230.6857
21328,230.6857
21329,231.10812
21330,231.60246
21331,246.67229
21332,242.25766
21333,218.7449
21334,215.47568
21335,209.77385
21336,181.98146
21337,140.79077
21338,106.704704
21339,72.71856
21340,44.98044
21341,36.305923
21342,43.499695
21343,60.586136
21344,76.28326
21345,107.06202
21346,148.81621
21347,157.95335
21348,157.95335
21349,134.06229
21350,139.01172
21351,139.01172
21352,139.01172
21353,140.59688
21354,142.33736
21355,159.63635
21356,156.26976
21357,139.05655
21358,135.78732
21359,133.28395
21360,184.58475
21361,148.44293
21362,117.38117
21363,85.514946
21364,60.15034
21365,51.17545
21366,58.13008
21367,69.10444
21368,85.00741
21369,130.11809
21370,177.94977
21371,191.33252
21372,191.33252
21373,174.5047
21374,182.79565
21375,182.79565
21376,182.79565
21377,181.62827
21378,182.50943
21379,195.67598
21380,195.058
21381,173.31004
21382,168.88487
21383,160.34642
21384,148.96704
21385,111.14997
21386,80.088234
21387,49.735947
21388,27.658054
21389,19.122482
21390,26.07711
21391,39.34995
21392,58.136284
21393,108.84496
21394,157.43286
21395,174.66444
21396,174.66444
21397,159.94632
21398,169.3599
21399,169.3599
21400,169.3599
21401,168.1925
21402,169.56744
21403,182.74387
21404,182.12589
21405,160.13365
21406,155.70848
21407,147.83897
21408,218.46068
21409,180.64392
21410,149.58237
21411,119.00503
21412,96.92704
21413,88.391495
21414,95.346115
21415,108.61904
21416,129.9437
21417,180.65225
21418,253.92245
21419,271.51025
21420,271.51025
21421,256.0287
21422,265.4421
21423,265.4421
21424,265.4421
21425,264.27472
21426,265.56366
21427,278.74005
21428,278.1221
21429,256.12997
21430,251.7048
21431,243.83542
21432,248.26234
21433,212.1205
21434,181.05896
21435,146.48903
21436,121.12406
21437,114.26342
21438,121.21805
21439,132.19246
21440,150.63342
21441,194.43962
21442,270.3561
21443,292.28876
21444,292.28876
21445,274.26126
21446,287.09402
21447,287.09402
21448,287.09402
21449,285.92664
21450,287.21558
21451,303.58807
21452,302.97012
21453,277.78192
21454,273.35675
21455,265.4874
21456,251.48418
21457,215.96172
21458,184.65022
21459,149.51006
21460,124.0248
21461,116.15017
21462,123.1048
21463,133.9312
21464,151.19151
21465,175.45476
21466,229.03148
21467,237.4621
21468,237.4621
21469,217.36299
21470,228.60564
21471,228.60564
21472,228.60564
21473,228.60098
21474,231.13608
21475,250.2954
21476,250.1679
21477,230.29532
21478,225.87015
21479,220.58086
21480,246.44287
21481,201.75502
21482,169.88889
21483,134.28078
21484,109.98253
21485,100.83332
21486,108.4016
21487,121.60052
21488,142.1413
21489,191.3922
21490,258.2875
21491,274.1289
21492,274.1289
21493,254.48715
21494,265.72977
21495,265.72977
21496,265.72977
21497,264.56235
21498,265.85135
21499,282.7814
21500,281.60587
21501,256.41766
21502,251.99251
21503,244.12274
21504,255.63684
21505,209.13942
21506,177.27328
21507,141.66518
21508,116.30034
21509,109.04332
21510,116.6116
21511,128.83177
21512,148.19504
21513,191.84793
21514,258.43677
21515,270.81305
21516,270.81305
21517,250.52028
21518,261.76282
21519,261.76282
21520,261.76282
21521,260.5954
21522,261.8844
21523,278.63794
21524,277.00977
21525,254.4259
21526,250.00072
21527,242.13132
21528,230.0697
21529,182.66348
21530,150.12764
21531,113.91722
21532,89.08891
21533,81.09179
21534,88.66007
21535,102.3901
21536,120.87588
21537,143.92761
21538,206.41472
21539,215.95187
21540,215.95187
21541,193.58748
21542,201.4694
21543,201.4694
21544,201.4694
21545,201.00316
21546,203.26608
21547,225.38397
21548,224.81493
21549,208.70122
21550,207.80766
21551,203.424
21552,211.97165
21553,153.55675
21554,120.127205
21555,83.86645
21556,58.50173
21557,50.938736
21558,58.507
21559,72.51941
21560,95.2264
21561,154.68849
21562,241.28589
21563,259.89276
21564,259.89276
21565,239.60007
21566,247.4819
21567,247.4819
21568,247.4819
21569,245.85295
21570,246.88878
21571,263.5972
21572,261.15762
21573,233.54698
21574,229.12178
21575,221.25218
21576,293.85
21577,235.4351
21578,202.00566
21579,165.74489
21580,140.38014
21581,133.12312
21582,140.69142
21583,154.70378
21584,177.10666
21585,233.50452
21586,327.76678
21587,340.6303
21588,340.6303
21589,320.33743
21590,328.2194
21591,328.2194
21592,328.2194
21593,326.59036
21594,329.14636
21595,345.85483
21596,343.41525
21597,315.80463
21598,311.37946
21599,303.5099
21600,237.05086
21601,176.96103
21602,143.14047
21603,108.39351
21604,86.00325
21605,72.75626
21606,80.32455
21607,96.63545
21608,121.9217
21609,186.36703
21610,275.14026
21611,295.72577
21612,295.72577
21613,276.08398
21614,283.96594
21615,283.96594
21616,283.96594
21617,282.3369
21618,284.8929
21619,301.60144
21620,299.16183
21621,271.55118
21622,267.126
21623,259.25647
21624,224.6988
21625,166.2839
21626,132.46336
21627,96.202614
21628,68.41542
21629,56.537247
21630,64.1055
21631,77.9402
21632,101.84296
21633,161.30511
21634,249.91696
21635,267.64322
21636,267.64322
21637,247.35065
21638,255.23236
21639,255.23236
21640,255.23236
21641,253.60355
21642,256.15924
21643,272.86777
21644,270.4282
21645,242.81758
21646,238.39232
21647,230.52278
21648,214.32605
21649,172.31958
21650,138.23383
21651,105.35655
21652,80.641785
21653,72.06688
21654,79.260635
21655,96.495224
21656,115.91104
21657,181.06755
21658,268.5477
21659,282.00348
21660,282.00348
21661,261.05905
21662,267.03143
21663,267.03143
21664,267.03143
21665,267.45386
21666,267.62418
21667,281.91818
21668,279.28107
21669,255.76851
21670,251.34344
21671,241.88658
21672,170.04308
21673,128.85208
21674,94.76632
21675,60.555717
21676,36.019726
21677,27.345211
21678,34.538967
21679,51.62541
21680,69.860405
21681,106.99038
21682,166.9264
21683,176.41975
21684,176.41975
21685,153.1202
21686,158.06963
21687,158.06963
21688,158.06963
21689,159.65479
21690,160.98518
21691,177.50839
21692,175.91931
21693,158.7061
21694,154.28093
21695,147.4042
21696,171.46025
21697,130.26926
21698,96.18351
21699,61.972897
21700,38.093533
21701,29.91019
21702,37.103935
21703,54.190384
21704,72.42539
21705,109.555374
21706,169.49136
21707,178.98471
21708,178.98471
21709,155.68515
21710,160.63458
21711,160.63458
21712,160.63458
21713,162.21974
21714,173.09636
21715,192.62315
21716,192.69325
21717,188.30368
21718,187.41011
21719,182.4925
21720,201.64581
21721,157.96443
21722,123.87818
21723,91.723915
21724,78.717384
21725,72.95443
21726,80.148186
21727,99.68131
21728,121.98054
21729,196.76125
21730,292.2407
21731,317.5199
21732,317.5199
21733,297.91287
21734,303.88525
21735,303.88525
21736,303.88525
21737,304.30768
21738,304.39203
21739,318.68604
21740,314.83307
21741,291.32043
21742,286.89526
21743,277.82385
21744,222.71065
21745,180.70418
21746,146.61844
21747,111.94218
21748,88.29412
21749,79.884575
21750,87.07833
21751,105.905785
21752,127.42135
21753,201.31512
21754,295.09515
21755,319.1056
21756,319.1056
21757,299.49857
21758,305.47095
21759,305.47095
21760,305.47095
21761,305.89337
21762,305.97772
21763,320.27173
21764,316.41876
21765,292.90613
21766,288.48096
21767,279.40955
21768,219.88818
21769,177.88171
21770,143.79597
21771,109.119675
21772,84.40491
21773,75.23503
21774,82.42879
21775,99.663376
21776,120.5791
21777,187.682
21778,277.0568
21779,298.22302
21780,298.22302
21781,276.99512
21782,282.9675
21783,282.9675
21784,282.9675
21785,283.38992
21786,283.47427
21787,297.76828
21788,293.9153
21789,270.40268
21790,265.9775
21791,256.90604
21792,215.55872
21793,173.55225
21794,139.4665
21795,104.79034
21796,80.07557
21797,70.90568
21798,78.099434
21799,95.33402
21800,114.749825
21801,175.49019
21802,260.57175
21803,279.86334
21804,279.86334
21805,257.6984
21806,263.67078
21807,263.67078
21808,263.67078
21809,264.0932
21810,264.17755
21811,279.0708
21812,274.65616
21813,251.14374
21814,246.71838
21815,237.64691
21816,208.2245
21817,166.21803
21818,132.13216
21819,97.45613
21820,72.74136
21821,63.57151
21822,70.76523
21823,87.99982
21824,107.41562
21825,168.15598
21826,251.03862
21827,264.49414
21828,264.49414
21829,242.32938
21830,248.3017
21831,248.3017
21832,248.3017
21833,248.72412
21834,248.80833
21835,263.87814
21836,259.4635
21837,235.95102
21838,232.68178
21839,226.97995
21840,172.88329
21841,131.6924
21842,97.60657
21843,63.39592
21844,38.859917
21845,30.185406
21846,37.379166
21847,54.46561
21848,72.70065
21849,104.831604
21850,160.16962
21851,169.66296
21852,169.66296
21853,145.42636
21854,150.3758
21855,150.3758
21856,150.3758
21857,151.96095
21858,155.17706
21859,172.47606
21860,169.10947
21861,151.89626
21862,148.62703
21863,146.12366
21864,174.12424
21865,132.9335
21866,98.84755
21867,64.63689
21868,37.55537
21869,29.372025
21870,36.565773
21871,53.65223
21872,71.88728
21873,104.01824
21874,159.3562
21875,168.84955
21876,168.84955
21877,144.61295
21878,149.56238
21879,149.56238
21880,149.56238
21881,151.14754
21882,162.34825
21883,184.30415
21884,183.81258
21885,179.423
21886,179.68538
21887,182.23
21888,209.61858
21889,165.93716
21890,131.85136
21891,99.696724
21892,86.337685
21893,80.574745
21894,87.768486
21895,107.30163
21896,129.60095
21897,200.39722
21898,292.17795
21899,317.45715
21900,317.45715
21901,297.46906
21902,303.44144
21903,303.44144
21904,303.44144
21905,303.86386
21906,304.2723
21907,319.3421
21908,314.92746
21909,291.41483
21910,288.1456
21911,281.12387
21912,235.38715
21913,193.38068
21914,159.29494
21915,124.61878
21916,97.76856
21917,89.35902
21918,96.55277
21919,115.380226
21920,136.89612
21921,206.8052
21922,296.8865
21923,320.89694
21924,320.89694
21925,300.90884
21926,306.88123
21927,306.88123
21928,306.88123
21929,307.30365
21930,307.7121
21931,322.7819
21932,318.36725
21933,294.8546
21934,291.5854
21935,284.56366
21936,234.30644
21937,192.29997
21938,158.21423
21939,123.53799
21940,95.62107
21941,86.451195
21942,93.64495
21943,110.87954
21944,131.79553
21945,194.13039
21946,279.80643
21947,300.97266
21948,300.97266
21949,279.36368
21950,285.33606
21951,285.33606
21952,285.33606
21953,285.75848
21954,286.16693
21955,301.23672
21956,296.82208
21957,273.30945
21958,270.04022
21959,263.0185
21960,237.36441
21961,195.35794
21962,161.2722
21963,126.59603
21964,98.679115
21965,89.509224
21966,96.70298
21967,113.93757
21968,133.35349
21969,192.15857
21970,276.5476
21971,295.8392
21972,295.8392
21973,273.67426
21974,279.64664
21975,279.64664
21976,279.64664
21977,280.06906
21978,280.4775
21979,295.5473
21980,291.13266
21981,267.62003
21982,264.35074
21983,257.32892
21984,216.72612
21985,174.71965
21986,140.63387
21987,105.957726
21988,78.04081
21989,68.87093
21990,76.06469
21991,93.29928
21992,112.71508
21993,171.52028
21994,250.82236
21995,264.27798
21996,264.27798
21997,242.11305
21998,248.08537
21999,248.08537
22000,248.08537
22001,248.5078
22002,248.91615
22003,263.98608
22004,259.57144
22005,236.0588
22006,232.78957
22007,227.08774
22008,180.76996
22009,139.57928
22010,105.49325
22011,71.282585
22012,43.54448
22013,34.869972
22014,42.06372
22015,59.150177
22016,77.38517
22017,108.16392
22018,159.11684
22019,168.61018
22020,168.61018
22021,144.68079
22022,149.63022
22023,149.63022
22024,149.63022
22025,151.21538
22026,152.86987
22027,170.16887
22028,166.80228
22029,149.58907
22030,146.31984
22031,143.81647
22032,194.62766
22033,159.30173
22034,128.24011
22035,96.83878
22036,72.30276
22037,66.649956
22038,73.604576
22039,84.43084
22040,99.15307
22041,124.72094
22042,160.72559
22043,172.67322
22044,172.67322
22045,155.54279
22046,163.83374
22047,163.83374
22048,163.83374
22049,164.682
22050,167.32542
22051,182.72115
22052,182.93353
22053,166.50139
22054,162.07622
22055,155.6019
22056,157.32948
22057,121.18745
22058,90.12562
22059,58.25954
22060,33.961704
22061,25.426178
22062,32.380756
22063,44.947952
22064,62.95065
22065,114.1224
22066,165.3501
22067,181.71849
22068,181.71849
22069,167.00037
22070,176.41394
22071,176.41394
22072,176.41394
22073,176.09947
22074,177.99052
22075,191.16695
22076,190.3313
22077,168.33907
22078,163.9139
22079,155.52827
22080,226.82312
22081,190.68129
22082,159.61974
22083,127.52887
22084,103.230736
22085,94.69519
22086,101.64981
22087,114.21705
22088,134.75798
22089,185.9297
22090,261.83975
22091,278.56445
22092,278.56445
22093,263.08276
22094,272.4963
22095,272.4963
22096,272.4963
22097,272.1818
22098,273.9869
22099,287.1633
22100,286.32767
22101,264.33557
22102,259.9105
22103,251.52472
22104,252.75482
22105,216.61298
22106,185.55144
22107,150.98152
22108,125.61655
22109,118.755905
22110,125.71052
22111,136.68494
22112,155.1259
22113,198.9321
22114,276.708
22115,295.6526
22116,295.6526
22117,277.6251
22118,290.45786
22119,290.45786
22120,290.45786
22121,290.14337
22122,291.94843
22123,308.32098
22124,307.48535
22125,282.29712
22126,277.87198
22127,269.48654
22128,244.75601
22129,209.23355
22130,177.92206
22131,142.78181
22132,117.95325
22133,109.95613
22134,117.52442
22135,128.35065
22136,145.61113
22137,169.87437
22138,223.4511
22139,231.88171
22140,231.88171
22141,211.78261
22142,223.02525
22143,223.02525
22144,223.02525
22145,223.87352
22146,226.90564
22147,249.06854
22148,250.38255
22149,238.35083
22150,237.45726
22151,232.5575
22152,230.15147
22153,185.46362
22154,153.59749
22155,117.98921
22156,92.62443
22157,84.8441
22158,92.412384
22159,104.018425
22160,123.95935
22161,169.55862
22162,237.99202
22163,252.24283
22164,252.24283
22165,231.95024
22166,243.19289
22167,243.19289
22168,243.19289
22169,242.87836
22170,244.6834
22171,261.61334
22172,260.22015
22173,235.03195
22174,230.60677
22175,222.22118
22176,263.30475
22177,216.80737
22178,184.94124
22179,149.33313
22180,123.96828
22181,116.71126
22182,124.27954
22183,136.49973
22184,155.86299
22185,199.51588
22186,267.9642
22187,277.35236
22188,277.35236
22189,257.05948
22190,268.30212
22191,268.30212
22192,268.30212
22193,267.9876
22194,269.79272
22195,286.5462
22196,284.7004
22197,262.11655
22198,257.6914
22199,249.30595
22200,215.95015
22201,166.05312
22202,133.51727
22203,98.77012
22204,76.69213
22205,67.76021
22206,75.32849
22207,91.50514
22208,114.054955
22209,164.0425
22210,243.21516
22211,262.3153
22212,262.3153
22213,242.67369
22214,250.55563
22215,250.55563
22216,250.55563
22217,249.77948
22218,251.3315
22219,268.03983
22220,265.38257
22221,237.7718
22222,233.34663
22223,224.96095
22224,231.38557
22225,172.97067
22226,139.54121
22227,103.28043
22228,77.9158
22229,70.65878
22230,78.227066
22231,92.23942
22232,113.44649
22233,170.96217
22234,257.55972
22235,274.29205
22236,274.29205
22237,253.99924
22238,261.88113
22239,261.88113
22240,261.88113
22241,261.10504
22242,262.65698
22243,279.36545
22244,276.70822
22245,249.09761
22246,244.67253
22247,236.28658
22248,296.73303
22249,239.13412
22250,205.70465
22251,169.4943
22252,144.00919
22253,135.52087
22254,143.08917
22255,156.95346
22256,178.17567
22257,215.03062
22258,295.24805
22259,306.67645
22260,306.67645
22261,284.31186
22262,292.19382
22263,292.19382
22264,292.19382
22265,292.58047
22266,296.06064
22267,314.99835
22268,313.38913
22269,289.81738
22270,285.3922
22271,278.30487
22272,245.42648
22273,187.01158
22274,153.19115
22275,116.93037
22276,92.32017
22277,79.07318
22278,86.641464
22279,102.24668
22280,126.74927
22281,191.65767
22282,283.07086
22283,302.7932
22284,302.7932
22285,283.15143
22286,291.0334
22287,291.0334
22288,291.0334
22289,290.2573
22290,293.32935
22291,310.03787
22292,307.38065
22293,279.77
22294,275.34482
22295,266.95917
22296,264.1062
22297,205.6914
22298,171.87091
22299,135.61014
22300,107.822945
22301,96.25086
22302,103.819145
22303,117.65375
22304,140.05653
22305,197.57236
22306,286.18433
22307,302.03592
22308,302.03592
22309,281.74307
22310,289.62503
22311,289.62503
22312,289.62503
22313,288.84894
22314,291.92096
22315,308.62952
22316,305.97226
22317,278.3616
22318,273.93655
22319,265.5506
22320,219.07883
22321,177.07236
22322,142.9866
22323,107.63002
22324,82.91525
22325,74.34036
22326,81.53412
22327,98.76871
22328,118.18451
22329,182.89636
22330,270.37646
22331,283.83224
22332,283.83224
22333,262.8459
22334,268.81827
22335,268.81827
22336,268.81827
22337,269.2407
22338,269.32504
22339,283.61905
22340,280.98193
22341,257.4693
22342,253.04434
22343,243.58748
22344,177.40096
22345,136.21017
22346,102.12421
22347,66.8186
22348,41.33368
22349,28.323109
22350,35.516872
22351,52.603306
22352,70.8383
22353,107.52361
22354,167.45963
22355,176.95297
22356,176.95297
22357,153.895
22358,158.84444
22359,158.84444
22360,158.84444
22361,160.4296
22362,161.76
22363,178.2832
22364,176.69412
22365,159.48091
22366,155.05574
22367,148.17902
22368,174.78238
22369,133.59158
22370,99.50568
22371,64.20003
22372,39.371742
22373,26.852348
22374,34.046093
22375,51.132538
22376,69.36757
22377,106.323204
22378,166.25916
22379,175.7525
22380,175.7525
22381,152.69453
22382,157.64397
22383,157.64397
22384,157.64397
22385,159.22913
22386,170.10574
22387,189.63254
22388,189.70264
22389,185.31306
22390,184.4195
22391,179.50188
22392,188.83734
22393,145.15596
22394,111.0697
22395,78.23511
22396,65.22866
22397,59.465733
22398,66.65944
22399,86.19252
22400,108.49173
22401,183.2593
22402,275.81174
22403,301.09094
22404,301.09094
22405,281.25604
22406,287.69788
22407,287.69788
22408,287.69788
22409,288.1203
22410,288.20465
22411,302.49866
22412,298.6457
22413,275.13306
22414,270.7079
22415,261.63647
22416,209.90218
22417,167.8957
22418,133.80997
22419,98.453384
22420,74.80533
22421,66.39583
22422,73.58954
22423,92.41698
22424,113.932556
22425,187.81317
22426,278.6662
22427,302.67664
22428,302.67664
22429,282.84174
22430,289.28357
22431,289.28357
22432,289.28357
22433,289.706
22434,289.79034
22435,304.08435
22436,300.23138
22437,276.71875
22438,272.29358
22439,263.22217
22440,205.53822
22441,163.53175
22442,129.44582
22443,94.08938
22444,69.374626
22445,60.20478
22446,67.398476
22447,84.63308
22448,105.548805
22449,172.63857
22450,259.08633
22451,280.25256
22452,280.25256
22453,257.43713
22454,265.23862
22455,265.23862
22456,265.23862
22457,265.66104
22458,265.7454
22459,280.0394
22460,276.18643
22461,252.67383
22462,248.24884
22463,239.17723
22464,198.28343
22465,156.27696
22466,122.19096
22467,86.8347
22468,62.11996
22469,52.950092
22470,60.143826
22471,77.37839
22472,96.794205
22473,157.52142
22474,239.67628
22475,258.96756
22476,258.96756
22477,235.21544
22478,243.01683
22479,243.01683
22480,243.01683
22481,243.43925
22482,243.52345
22483,258.4166
22484,254.00203
22485,230.48929
22486,226.06413
22487,216.99272
22488,190.94922
22489,148.94275
22490,114.85667
22491,79.500496
22492,54.785805
22493,45.6159
22494,52.80966
22495,70.04418
22496,89.46
22497,150.18721
22498,230.14279
22499,243.59843
22500,243.59843
22501,219.84604
22502,227.64743
22503,227.64743
22504,227.64743
22505,228.06985
22506,228.15411
22507,243.22406
22508,238.80934
22509,215.29674
22510,212.0275
22511,206.32567
22512,164.0687
22513,122.877686
22514,88.791985
22515,53.486332
22516,28.00142
22517,14.990833
22518,22.184599
22519,39.27104
22520,57.506134
22521,89.62391
22522,142.03479
22523,151.52814
22524,151.52814
22525,125.70399
22526,132.48256
22527,132.48256
22528,132.48256
22529,134.06772
22530,137.28383
22531,154.58282
22532,151.21623
22533,134.00302
22534,130.7338
22535,128.23035
22536,172.22176
22537,131.03102
22538,96.94506
22539,61.639362
22540,33.60896
22541,21.089521
22542,28.283283
22543,45.369717
22544,63.604755
22545,95.722626
22546,149.56984
22547,159.06319
22548,159.06319
22549,133.2391
22550,140.01761
22551,140.01761
22552,140.01761
22553,141.60277
22554,152.80348
22555,174.75938
22556,174.2678
22557,169.87823
22558,170.14061
22559,172.68523
22560,205.78621
22561,162.1048
22562,128.01868
22563,95.18402
22564,81.82498
22565,76.06203
22566,83.25578
22567,102.788925
22568,125.088135
22569,195.87137
22570,286.16138
22571,311.44058
22572,311.44058
22573,289.86496
22574,297.66644
22575,297.66644
22576,297.66644
22577,298.08887
22578,298.4973
22579,313.5671
22580,309.15247
22581,285.63983
22582,282.3706
22583,275.34888
22584,231.55478
22585,189.54831
22586,155.46257
22587,120.106064
22588,93.255844
22589,84.8463
22590,92.040054
22591,110.86751
22592,132.38335
22593,202.27936
22594,290.86993
22595,314.88037
22596,314.88037
22597,293.30475
22598,301.10623
22599,301.10623
22600,301.10623
22601,301.52866
22602,301.9371
22603,317.0069
22604,312.59225
22605,289.07962
22606,285.8104
22607,278.78867
22608,230.47408
22609,188.4676
22610,154.38187
22611,119.02528
22612,91.10837
22613,81.93848
22614,89.13223
22615,106.36682
22616,127.282585
22617,189.60454
22618,273.78986
22619,294.9561
22620,294.9561
22621,271.75958
22622,279.56107
22623,279.56107
22624,279.56107
22625,279.9835
22626,280.39194
22627,295.46173
22628,291.0471
22629,267.53445
22630,264.26523
22631,257.2435
22632,230.66849
22633,188.66202
22634,154.57628
22635,119.21977
22636,91.30286
22637,82.132965
22638,89.32672
22639,106.56131
22640,125.97713
22641,179.60097
22642,261.52368
22643,280.81528
22644,280.81528
22645,257.0629
22646,264.8643
22647,264.8643
22648,264.8643
22649,265.2867
22650,265.69516
22651,280.76495
22652,276.3503
22653,252.8376
22654,249.56833
22655,242.54659
22656,178.03722
22657,136.03075
22658,101.94467
22659,66.5885
22660,38.671658
22661,29.501766
22662,36.69553
22663,53.93012
22664,73.345856
22665,126.96962
22666,204.1995
22667,217.65517
22668,217.65517
22669,193.90283
22670,201.70422
22671,201.70422
22672,201.70422
22673,202.12665
22674,202.53494
22675,217.60475
22676,213.19012
22677,189.67755
22678,186.40831
22679,180.70648
22680,190.3051
22681,149.11443
22682,115.028404
22683,79.722725
22684,51.035675
22685,38.025085
22686,45.218853
22687,62.30531
22688,80.54035
22689,106.137764
22690,156.88226
22691,168.37845
22692,168.37845
22693,142.55438
22694,150.923
22695,150.923
22696,150.923
22697,152.50818
22698,154.16266
22699,171.46167
22700,168.09506
22701,150.88187
22702,147.61264
22703,145.10925
22704,183.10866
22705,141.91792
22706,107.83199
22707,72.52628
22708,44.495857
22709,31.97646
22710,39.170197
22711,56.256653
22712,74.49174
22713,105.25735
22714,157.17178
22715,170.38626
22716,170.38626
22717,143.837
22718,152.20563
22719,152.20563
22720,152.20563
22721,153.7908
22722,164.99152
22723,187.52002
22724,187.02844
22725,182.63889
22726,182.90125
22727,185.44586
22728,200.14214
22729,156.46072
22730,122.37456
22731,89.53998
22732,76.18094
22733,70.417984
22734,77.61174
22735,97.14488
22736,119.44409
22737,190.02676
22738,280.71353
22739,309.71387
22740,309.71387
22741,287.4131
22742,296.8047
22743,296.8047
22744,296.8047
22745,297.2271
22746,297.63556
22747,316.47406
22748,312.05942
22749,285.35068
22750,282.08145
22751,275.05972
22752,224.88443
22753,182.87796
22754,148.79222
22755,113.43574
22756,86.58552
22757,78.17597
22758,85.36973
22759,104.19718
22760,125.71295
22761,195.40848
22762,284.3958
22763,312.12738
22764,312.12738
22765,289.8266
22766,299.2182
22767,299.2182
22768,299.2182
22769,299.64062
22770,300.04907
22771,318.88757
22772,314.47293
22773,287.7642
22774,284.49496
22775,277.47324
22776,282.68826
22777,247.36263
22778,215.14049
22779,183.7394
22780,159.86003
22781,157.7854
22782,164.74
22783,175.56618
22784,190.28833
22785,215.85611
22786,279.8894
22787,295.1317
22788,295.1317
22789,278.00122
22790,287.41476
22791,287.41476
22792,287.41476
22793,288.26303
22794,290.26035
22795,308.65958
22796,310.53113
22797,318.21423
22798,317.32068
22799,311.752
22800,240.8988
22801,204.7572
22802,172.53506
22803,140.66887
22804,115.30398
22805,108.13731
22806,115.09194
22807,126.06637
22808,146.00722
22809,193.06421
22810,270.5949
22811,284.9673
22812,284.9673
22813,269.59802
22814,279.01157
22815,279.01157
22816,279.01157
22817,278.69705
22818,280.58813
22819,293.76453
22820,292.9289
22821,270.9368
22822,266.51163
22823,258.12598
22824,237.50735
22825,201.3655
22826,169.14336
22827,134.91432
22828,109.54929
22829,102.38262
22830,109.33724
22831,120.31166
22832,140.25267
22833,187.30966
22834,263.8295
22835,278.55807
22836,278.55807
22837,262.4253
22838,271.83884
22839,271.83884
22840,271.83884
22841,271.52432
22842,273.32944
22843,286.50583
22844,285.6702
22845,263.6781
22846,259.25293
22847,250.86743
22848,255.26419
22849,219.93854
22850,187.71638
22851,153.19681
22852,127.711845
22853,119.83724
22854,126.791855
22855,137.61807
22856,154.87814
22857,179.14146
22858,246.28395
22859,258.4355
22860,258.4355
22861,238.33647
22862,251.16934
22863,251.16934
22864,251.16934
22865,252.01753
22866,255.0686
22867,273.67
22868,273.88242
22869,254.0103
22870,249.58513
22871,243.77972
22872,252.37001
22873,214.87408
22874,182.40202
22875,148.72523
22876,126.646866
22877,117.49766
22878,125.06594
22879,138.33919
22880,159.66344
22881,209.53076
22882,284.497
22883,302.49048
22884,302.49048
22885,285.11407
22886,296.35672
22887,296.35672
22888,296.35672
22889,296.0422
22890,297.84732
22891,314.77744
22892,313.38425
22893,288.19598
22894,283.7708
22895,275.38516
22896,258.56354
22897,211.11914
22898,178.09242
22899,141.40823
22900,116.04353
22901,108.56915
22902,116.13737
22903,127.74348
22904,146.18434
22905,189.83723
22906,261.6819
22907,274.0581
22908,274.0581
22909,253.7652
22910,265.00787
22911,265.00787
22912,265.00787
22913,264.69336
22914,266.49847
22915,283.4286
22916,282.0354
22917,256.84714
22918,252.4219
22919,244.03633
22920,283.3261
22921,234.8881
22922,201.86136
22923,165.2276
22924,139.74266
22925,131.25432
22926,138.82265
22927,150.89459
22928,169.07706
22929,193.18706
22930,251.00157
22931,258.9544
22932,258.9544
22933,236.59004
22934,247.83269
22935,247.83269
22936,247.83269
22937,248.68095
22938,251.73216
22939,270.71463
22940,269.91684
22941,252.64908
22942,248.2239
22943,242.4185
22944,256.99664
22945,206.0178
22946,172.32141
22947,134.98468
22948,110.68652
22949,101.7546
22950,109.32288
22951,124.79386
22952,146.56017
22953,196.54749
22954,282.79874
22955,300.63
22956,300.63
22957,280.98822
22958,288.87018
22959,288.87018
22960,288.87018
22961,288.09406
22962,289.64606
22963,306.35452
22964,303.69727
22965,276.08667
22966,271.6615
22967,263.2758
22968,286.76407
22969,225.59253
22970,191.00249
22971,153.66566
22972,128.30096
22973,121.04395
22974,128.61226
22975,142.62456
22976,163.83171
22977,220.22957
22978,326.30234
22979,340.04657
22980,340.04657
22981,319.7537
22982,327.63565
22983,327.63565
22984,327.63565
22985,326.85956
22986,328.4115
22987,345.12003
22988,342.46277
22989,314.85214
22990,310.42697
22991,302.0413
22992,373.06802
22993,312.71243
22994,278.12244
22995,240.83609
22996,208.20325
22997,195.89114
22998,203.4594
22999,217.32353
23000,238.5456
23001,275.4006
23002,362.18475
23003,373.61316
23004,373.61316
23005,351.24857
23006,359.13052
23007,359.13052
23008,359.13052
23009,359.51715
23010,361.45816
23011,383.57602
23012,382.78937
23013,365.39883
23014,364.50525
23015,358.3236
23016,275.7052
23017,214.53351
23018,179.55255
23019,142.21576
23020,116.538826
23021,104.66072
23022,112.229004
23023,126.241356
23024,150.1441
23025,209.60608
23026,305.703
23027,323.42923
23028,323.42923
23029,303.13635
23030,311.0183
23031,311.0183
23032,311.0183
23033,310.24222
23034,313.31427
23035,330.0228
23036,327.36557
23037,299.7549
23038,295.32974
23039,286.9441
23040,264.63342
23041,203.46196
23042,168.48097
23043,131.14429
23044,103.356926
23045,91.78484
23046,99.353134
23047,113.187775
23048,135.59062
23049,191.98845
23050,289.9448
23051,300.07373
23052,300.07373
23053,279.78085
23054,287.6628
23055,287.6628
23056,287.6628
23057,286.8867
23058,289.9588
23059,306.66727
23060,304.01004
23061,276.3994
23062,271.97424
23063,263.58856
23064,258.84665
23065,216.29181
23066,181.95618
23067,148.9047
23068,135.89816
23069,130.13509
23070,137.32896
23071,156.86201
23072,179.16124
23073,256.15225
23074,352.72763
23075,378.00684
23076,378.00684
23077,356.8123
23078,364.61377
23079,364.61377
23080,364.61377
23081,365.0362
23082,365.12054
23083,383.16827
23084,379.9736
23085,353.2648
23086,348.83963
23087,339.3827
23088,282.95285
23089,242.07286
23090,207.73723
23091,172.1642
23092,148.51616
23093,140.10666
23094,147.30038
23095,166.12778
23096,187.64331
23097,263.74728
23098,358.62344
23099,382.6339
23100,382.6339
23101,361.43936
23102,369.24084
23103,369.24084
23104,369.24084
23105,369.66327
23106,369.74762
23107,387.7953
23108,384.60062
23109,357.89188
23110,353.4667
23111,344.0097
23112,261.62375
23113,218.52522
23114,184.18959
23115,148.61655
23116,123.90165
23117,114.731636
23118,121.92548
23119,139.16019
23120,155.50859
23121,223.80498
23122,314.27567
23123,335.44193
23124,335.44193
23125,312.62643
23126,320.42792
23127,320.42792
23128,320.42792
23129,320.85034
23130,320.9347
23131,338.98242
23132,335.78775
23133,309.07895
23134,304.65378
23135,295.58237
23136,267.71182
23137,224.61316
23138,190.27753
23139,154.70448
23140,129.98976
23141,120.81952
23142,128.01352
23143,145.24812
23144,160.0966
23145,226.44666
23146,315.59512
23147,334.88672
23148,334.88672
23149,312.0713
23150,319.87277
23151,319.87277
23152,319.87277
23153,320.2952
23154,320.37955
23155,338.42722
23156,334.0167
23157,307.30795
23158,302.88278
23159,293.8113
23160,255.80261
23161,212.70395
23162,178.36832
23163,142.53815
23164,117.822975
23165,108.65305
23166,115.84681
23167,133.08179
23168,152.49757
23169,218.84763
23170,305.79684
23171,319.25262
23172,319.25262
23173,296.43716
23174,304.23865
23175,304.23865
23176,304.23865
23177,304.66107
23178,304.74542
23179,322.79312
23180,318.3826
23181,291.67383
23182,287.24866
23183,278.17722
23184,212.95865
23185,170.67519
23186,136.33954
23187,100.41275
23188,74.92781
23189,61.917248
23190,69.110985
23191,86.19748
23192,104.43252
23193,143.77386
23194,200.96078
23195,210.45413
23196,210.45413
23197,185.5671
23198,192.3456
23199,192.3456
23200,192.3456
23201,193.93076
23202,195.26115
23203,215.53807
23204,212.1756
23205,191.76624
23206,187.34106
23207,180.84987
23208,204.7875
23209,162.50404
23210,128.16833
23211,92.24175
23212,67.413445
23213,54.89399
23214,62.08777
23215,79.17428
23216,97.40932
23217,132.33441
23218,186.24574
23219,195.73909
23220,195.73909
23221,169.91501
23222,176.69351
23223,176.69351
23224,176.69351
23225,178.27867
23226,189.15529
23227,215.26097
23228,214.21184
23229,204.68243
23230,203.78886
23231,202.9639
23232,251.20354
23233,206.42981
23234,172.09418
23235,138.63908
23236,125.63248
23237,119.86931
23238,127.06335
23239,146.59642
23240,168.89563
23241,241.90237
23242,334.89783
23243,360.17706
23244,360.17706
23245,338.60144
23246,346.40292
23247,346.40292
23248,346.40292
23249,346.82535
23250,346.9097
23251,366.30576
23252,361.33356
23253,334.62482
23254,331.3556
23255,324.33386
23256,277.2628
23257,234.16379
23258,199.82816
23259,163.8515
23260,140.20348
23261,131.79396
23262,138.9877
23263,157.81508
23264,179.33063
23265,251.45058
23266,342.74655
23267,366.75702
23268,366.75702
23269,345.1814
23270,352.98288
23271,352.98288
23272,352.98288
23273,353.4053
23274,355.37537
23275,374.77142
23276,369.79922
23277,343.09048
23278,339.82126
23279,332.79953
23280,285.58633
23281,242.48752
23282,208.15189
23283,172.17523
23284,144.25836
23285,135.08849
23286,142.28223
23287,159.51672
23288,180.43243
23289,245.17847
23290,332.06934
23291,353.2356
23292,353.2356
23293,330.03903
23294,337.8405
23295,337.8405
23296,337.8405
23297,338.26294
23298,338.6714
23299,358.0675
23300,353.0953
23301,326.3865
23302,323.11728
23303,316.09555
23304,279.288
23305,237.08536
23306,202.74973
23307,166.77307
23308,138.8562
23309,129.68633
23310,136.88007
23311,154.11456
23312,173.53035
23313,235.89822
23314,322.02927
23315,341.3209
23316,341.3209
23317,317.56842
23318,325.3699
23319,325.3699
23320,325.3699
23321,325.79233
23322,326.20078
23323,345.59683
23324,340.62463
23325,313.9159
23326,310.64667
23327,303.62494
23328,269.03592
23329,226.8332
23330,192.49757
23331,156.52092
23332,128.60405
23333,119.4338
23334,126.627686
23335,143.86241
23336,163.2782
23337,225.64607
23338,309.5779
23339,323.0337
23340,323.0337
23341,299.28122
23342,307.0827
23343,307.0827
23344,307.0827
23345,307.50513
23346,307.91357
23347,327.30966
23348,322.33746
23349,295.6287
23350,292.35947
23351,286.65762
23352,222.11795
23353,180.73085
23354,146.3952
23355,110.46855
23356,81.781456
23357,68.770874
23358,75.96463
23359,93.051125
23360,111.28616
23361,145.42783
23362,199.597
23363,209.09035
23364,209.09035
23365,183.26627
23366,190.04477
23367,190.04477
23368,190.04477
23369,191.62993
23370,193.28442
23371,214.90974
23372,210.9856
23373,190.57623
23374,187.307
23375,184.80363
23376,226.3307
23377,184.9436
23378,150.60796
23379,114.68135
23380,86.65089
23381,74.13147
23382,81.325226
23383,98.41172
23384,116.64676
23385,149.63666
23386,203.53651
23387,213.02986
23388,213.02986
23389,187.20578
23390,193.98428
23391,193.98428
23392,193.98428
23393,195.56944
23394,206.77016
23395,233.05238
23396,232.00325
23397,222.47385
23398,222.73622
23399,225.28084
